M,,D,Y,date,DJI,AAPL,NFLX,AMZN,K,TSLA,LMT,MCD,BAC,NYT,XOM,TWTR,FB,GOOGL,GEO,WMT,ARCH,RSX,MLM,CAT,BDX,BEP,NEE,AY,FSLR,CGC,WKHS,UNH,O,ET,EEM,GLDM
1,2,2,2020,20200102,0,75.087502,329.809998,1898.01001,67.639999,86.052002,399.369995,200.789993,35.639999,32.59,70.900002,32.299999,209.779999,1368.680054,16.58,118.940002,73.470001,25.620001,276.609985,150.529999,272.540009,24.353849,59.654999,26.290001,57.240002,20.129999,3.07,292.5,72.480003,13.34,45.779999,15.25
1,3,3,2020,20200103,28634.90039,74.357498,325.899994,1874.969971,68,88.601997,413.73999,200.080002,34.900002,32.77,70.330002,31.52,208.669998,1361.52002,16.02,117.889999,73.540001,25.1,275.790009,148.440002,269.589996,24.657608,60.080002,26.52,57.02,19.9,3.07,289.540009,73.790001,13.55,44.93,15.45
1,6,6,2020,20200106,28703.40039,74.949997,335.829987,1902.880005,67.940002,90.307999,413.109985,202.330002,34.849998,32.82,70.870003,31.639999,212.600006,1397.810059,15.82,117.650002,72.349998,25.4,276.640015,148.339996,273.380005,25.030642,60.380001,26.67,55.830002,20.08,3.21,291.549988,74.160004,13.68,44.82,15.62
1,7,7,2020,20200107,28583.69922,74.597504,330.75,1906.859985,68.809998,93.811996,414.5,202.630005,34.619999,32.459999,70.290001,32.540001,213.059998,1395.109985,15.69,116.559998,71.919998,25.290001,276.019989,146.380005,272.730011,25.105249,60.327499,26.469999,56.669998,19.799999,3.29,289.790009,74.18,13.63,44.790001,15.68
1,8,8,2020,20200108,28745.09961,75.797501,339.26001,1891.969971,68.889999,98.428001,411.029999,205.910004,34.970001,32.540001,69.230003,33.049999,215.220001,1405.040039,15.67,116.160004,70.699997,25.76,276.959991,147.679993,273.399994,25.281109,60.299999,26.700001,56.700001,20.129999,3.39,295.899994,74.519997,13.34,45.049999,15.56
1,9,9,2020,20200109,28956.90039,77.407501,335.660004,1901.050049,69.139999,96.267998,414.929993,208.350006,35.029999,31.52,69.760002,33.220001,218.300003,1419.790039,15.28,117.360001,71.040001,25.85,277.609985,147.309998,273.540009,25.771383,60.772499,26.799999,56.700001,20.799999,3.465,294.220001,73.25,13.43,45.349998,15.46
1,10,10,2020,20200110,28823.80078,77.582497,329.049988,1883.160034,69.269997,95.629997,413.829987,207.270004,34.740002,31.25,69.139999,32.779999,218.059998,1428.959961,15.32,116.379997,69.93,26.01,276.869995,146.130005,274.459991,25.61684,60.887501,26.83,56.5,20.540001,3.43,295.130005,73.739998,13.27,45.59,15.57
1,13,13,2020,20200113,28907.09961,79.239998,338.920013,1891.300049,69.709999,104.972,419.019989,206.509995,35.060001,31.5,69.800003,32.689999,221.910004,1440.030029,15.72,115.879997,71.769997,26.440001,272.149994,146.820007,276.200012,24.540367,61.599998,27,57.439999,23.110001,3.57,285.850006,74.959999,13.51,46.299999,15.45
1,14,14,2020,20200114,28939.69922,78.169998,338.690002,1869.439941,70,107.584,416.140015,207.320007,35.32,32.950001,69.199997,32.82,219.059998,1430.589966,15.78,116.18,69.599998,25.92,260.75,146.679993,275.959991,24.529709,61.932499,26.99,58.779999,23.85,3.66,288.23999,74.959999,13.56,46.040001,15.43
1,15,15,2020,20200115,29030.19922,77.834999,339.070007,1862.02002,70.269997,103.699997,420.950012,209.770004,34.669998,33.23,69.089996,33.23,221.149994,1439.199951,16.09,115.279999,66.650002,25.969999,262.190002,145.570007,277.299988,24.737543,62.895,27.35,54.75,24.9,3.61,296.410004,75.980003,13.5,45.68,15.52
1,16,16,2020,20200116,29297.59961,78.809998,338.619995,1877.939941,70.739998,102.697998,425.700012,210.850006,34.720001,33.639999,68.82,34.189999,221.770004,1450.160034,16.35,115.900002,68.75,26.209999,263.01001,147.869995,276.869995,24.614975,63.067501,27.690001,53.93,24.299999,3.53,300.73999,76.150002,13.58,45.970001,15.5
1,17,17,2020,20200117,29348.09961,79.682503,339.670013,1864.719971,70.879997,102.099998,425.660004,211.979996,34.709999,33.860001,68.559998,34.220001,222.139999,1479.52002,16.1,114.959999,66.300003,26.57,266.73999,147.779999,277.079987,24.662937,63.349998,27.799999,53.52,24.889999,3.29,298.470001,76.349998,13.56,46.23,15.52
1,21,21,2020,20200121,29196,79.142502,338.109985,1892,70.599998,109.440002,426.149994,211.160004,34.259998,33.669998,67.580002,34.09,221.440002,1482.25,16.049999,115.589996,62.450001,26.33,267.76001,145.850006,277.529999,24.860111,64.222504,28.120001,51.549999,24.15,3.34,300.529999,77.720001,13.08,45.060001,15.55
1,22,22,2020,20200122,29186.30078,79.425003,326,1887.459961,70.260002,113.912003,424.420013,211.440002,34.360001,33.799999,67.190002,34.02,221.320007,1483.869995,16.27,116.099998,60.939999,26.209999,265.230011,142.630005,278.829987,24.673594,64.974998,27.959999,50.560001,24.120001,3.11,300.589996,76.889999,12.71,45.43,15.54
1,23,23,2020,20200123,29160.09961,79.807503,349.600006,1884.579956,70.440002,114.440002,428.779999,213.419998,34.119999,33.549999,66.769997,33.889999,219.759995,1484.689941,16.35,115.809998,59.790001,25.969999,267.869995,142.75,278.730011,24.774847,65.019997,28.030001,52.02,24.559999,3.15,299.459991,77.239998,12.99,44.959999,15.59
1,24,24,2020,20200124,28989.69922,79.577499,353.160004,1861.640015,69.339996,112.963997,432.5,211.240005,33.540001,32.68,66.32,33.189999,217.940002,1466.170044,16.200001,114.370003,57.209999,25.860001,263.890015,140.380005,278.25,24.801493,65.93,28.434999,51.939999,22.65,3.09,292.809998,77.129997,12.75,44.599998,15.67
1,27,27,2020,20200127,28535.80078,77.237503,342.880005,1828.339966,69.029999,111.603996,432.380005,209.339996,32.849998,32.689999,64.739998,32.779999,214.869995,1431.72998,16.02,115.860001,55.5,25.09,259.540009,135.729996,279.75,24.652279,66.684998,28.450001,50.490002,21.559999,3.08,284.089996,77.400002,12.61,43.060001,15.78
1,28,28,2020,20200128,28722.80078,79.422501,348.519989,1853.25,68.980003,113.379997,437.170013,210.389999,33.240002,32.799999,64.650002,33.419998,217.789993,1450.5,16.629999,116.599998,54.98,25.459999,265.549988,136.740005,282.26001,25.185184,66.452499,28.08,51.110001,23.92,3,285.869995,78.129997,12.79,43.419998,15.64
1,29,29,2020,20200129,28734.40039,81.084999,343.160004,1858,68.43,116.197998,433.839996,214.440002,33.009998,32.18,64.110001,33.630001,223.229996,1456.699951,16.200001,115.889999,54.540001,25.559999,260.649994,135.779999,282.200012,25.254463,66.440002,28.389999,50.900002,23.52,2.94,282.899994,78.139999,12.85,43.630001,15.72
1,30,30,2020,20200130,28859.40039,80.967499,347.73999,1870.680054,68.879997,128.162003,435.899994,216.179993,33.48,32.57,64.790001,33.220001,209.529999,1454.25,16.24,116.580002,54.099998,25.219999,266.700012,135.369995,281.149994,25.579536,67.482498,28.77,50.720001,23.35,2.76,280.980011,78.980003,12.78,42.98,15.73
1,31,31,2020,20200131,28256,77.377502,345.089996,2008.719971,68.209999,130.113998,428.119995,213.970001,32.830002,32.009998,62.119999,32.48,201.910004,1432.780029,15.8,114.489998,51.529999,24.6,263.799988,131.350006,275.179993,25.973888,67.050003,28.725,49.580002,22.549999,3.21,272.450012,78.410004,12.59,42.110001,15.83
2,3,3,2020,20200203,28399.80078,77.165001,358,2004.199951,68.839996,156,423.859985,215.179993,32.970001,32.130001,60.73,33.07,204.190002,1482.599976,16.209999,114.269997,51.5,24.6,272.369995,129.770004,279.309998,26.288303,66.702499,29.01,50.240002,22.110001,3.13,274.019989,78.199997,12.8,42.580002,15.72
2,4,4,2020,20200204,28807.59961,79.712502,369.01001,2049.669922,68.68,177.412003,430.779999,214.619995,33.619999,33.75,59.970001,33.959999,209.830002,1445.410034,16.309999,115.269997,54.259998,25.049999,272.429993,133.509995,284.450012,26.378897,66.135002,28.940001,52.669998,22.34,3.07,280.839996,78.32,12.88,43.68,15.5
2,5,5,2020,20200205,29290.90039,80.362503,369.670013,2039.869995,69.360001,146.940002,435.190002,214.369995,34.709999,34.200001,62.73,33.389999,210.110001,1446.050049,16.870001,116.809998,58.599998,25.459999,277.200012,137.440002,285.98999,26.847855,66.677498,28.73,53.099998,21.67,3.09,295.730011,78.5,13,43.93,15.52
2,6,6,2020,20200206,29379.80078,81.302498,366.950012,2050.22998,63.459999,149.792007,438.970001,212.869995,34.669998,38.549999,61.880001,38.41,210.850006,1475.969971,16.879999,116.309998,57.470001,25.1,274.179993,137.25,252.25,27.721823,67.082497,29.059999,52.650002,21.17,3.05,292.459991,79.150002,12.71,43.970001,15.61
2,7,7,2020,20200207,29102.5,80.0075,366.769989,2079.280029,64.169998,149.613998,439.170013,211.610001,34.610001,37.419998,61.470001,37.029999,212.330002,1479.109985,16.700001,116.449997,55.689999,24.6,274.100006,133.369995,246.910004,27.705835,67.385002,28.99,52.459999,19.629999,3.04,289.220001,79.510002,12.56,43.360001,15.66
2,10,10,2020,20200210,29276.80078,80.387497,371.070007,2133.909912,65.339996,154.255997,439.76001,213.210007,34.689999,38.09,59.959999,35.959999,213.059998,1508.660034,17.32,115.25,56.209999,24.459999,276.790009,134.320007,252,28.153477,67.934998,29.559999,52.75,19.049999,3.2,287.029999,80.080002,12.19,43.599998,15.7
2,11,11,2020,20200211,29276.30078,79.902496,373.690002,2150.800049,66.269997,154.876007,439.850006,215.729996,34.77,38.66,60.529999,35.650002,207.190002,1510.060059,17.4,115.400002,57.68,24.84,262.76001,136.190002,256.410004,28.355982,68.037498,30.450001,53.529999,19.91,3.35,290.790009,78.68,12.37,44.169998,15.64
2,12,12,2020,20200212,29551.40039,81.800003,380.01001,2160,66.18,153.457993,436.600006,217.460007,34.919998,38.990002,61.27,36.790001,210.759995,1518.630005,17.76,115.849998,56.509998,25.27,260,139.589996,252.229996,28.361311,67.565002,30.59,56.119999,19.65,3.39,303.480011,78.290001,12.83,44.77,15.62
2,13,13,2020,20200213,29423.30078,81.217499,381.399994,2149.870117,67.139999,160.800003,434.700012,217.419998,34.91,39.27,60.93,37.16,213.139999,1513.390015,17.440001,117.440002,56.919998,24.91,262.679993,139.720001,254.350006,28.393286,68.8675,31.07,54.610001,19.52,3.56,302.200012,78.790001,12.81,44.18,15.71
2,14,14,2020,20200214,29398.09961,81.237503,380.399994,2134.870117,67.709999,160.005997,437.850006,217.089996,34.849998,39.279999,60.650002,36.91,214.179993,1518.72998,17.25,117.889999,56.009998,24.790001,263.480011,137.990005,260.220001,29.038103,69.629997,31.24,55.259998,22.129999,3.32,298.779999,80.25,12.72,44.200001,15.79
2,18,18,2020,20200218,29232.19922,79.75,387.779999,2155.669922,67.150002,171.679993,435.549988,216.149994,34.27,39.59,59.880001,38.060001,217.800003,1519.439941,17.26,119.629997,55.220001,24.65,257.200012,136.580002,256,29.992006,70.510002,31.51,55.650002,21.940001,3.36,302.140015,80.400002,12.7,43.91,15.99
2,19,19,2020,20200219,29348,80.904999,386.190002,2170.219971,66.300003,183.483994,434.480011,215.630005,34.720001,39.669998,60.34,38.77,217.490005,1524.869995,16.93,117.68,55.32,25.02,258.670013,136.860001,256.070007,30.349054,68.667503,31.860001,57.369999,21.77,3.49,305.309998,79.669998,12.68,44.23,16.08
2,20,20,2020,20200220,29220,80.074997,386,2153.100098,65.669998,179.882004,425.970001,215.080002,34.849998,39.619999,59.860001,39.049999,214.580002,1516.98999,17.18,117.690002,53.740002,24.790001,258.079987,136.929993,253.460007,30.157207,69.2575,32.049999,59.32,22.309999,3.74,302.130005,81.910004,12.54,43.540001,16.139999
2,21,21,2020,20200221,28992.40039,78.262497,380.070007,2095.969971,65.519997,180.199997,427.799988,215.869995,34.360001,39.209999,59.130001,38.310001,210.179993,1483.459961,17.34,118.580002,51.439999,24.790001,251.419998,137.210007,257.350006,30.02931,69.397499,32.240002,50.59,21.879999,3.67,301.429993,82.440002,12.14,43.290001,16.4
2,24,24,2020,20200224,27960.80078,74.544998,368.700012,2009.290039,64.5,166.757996,419.350006,213.520004,32.73,38.389999,56.360001,35.889999,200.720001,1419.859985,16.82,116.32,52.07,23.610001,249.479996,132.169998,250.529999,28.952837,68.485001,32.139999,51.209999,20.299999,3.5,277.790009,82.169998,11.55,41.669998,16.549999
2,25,25,2020,20200225,27081.40039,72.019997,360.089996,1972.73999,63.389999,159.981995,400.359985,212.100006,31.08,37.330002,54.200001,35.209999,196.770004,1386.319946,15.64,114.389999,50.669998,23.209999,239.130005,129,245.429993,27.716494,67.582497,31.465,48.57,19.620001,3.55,263.390015,80.919998,11.22,41.34,16.26
2,26,26,2020,20200226,26957.59961,73.162498,379.23999,1979.589966,62.77,155.759995,400.899994,210.100006,30.629999,37.419998,53.009998,34.630001,197.199997,1390.469971,16.120001,113.779999,46.759998,23.200001,234.690002,128.25,246.149994,28.041567,67.3675,31.24,46.110001,19.82,3.57,263,79.760002,10.78,41.669998,16.33
2,27,27,2020,20200227,25766.59961,68.379997,371.709991,1884.300049,61.02,135.800003,384.600006,201,29.129999,37.080002,49.82,33.009998,189.75,1314.949951,15.8,110.400002,48.790001,22.379999,230.979996,123.269997,242.690002,26.991739,63.962502,30.030001,44.25,18.440001,3.12,253.919998,72.889999,10.75,40.669998,16.32
2,28,28,2020,20200228,25409.40039,68.339996,369.029999,1883.75,60.470001,133.598007,369.869995,194.169998,28.5,37.459999,51.439999,33.200001,192.470001,1339.25,14.64,107.68,50.349998,21.370001,227.529999,124.239998,237.820007,26.570744,63.189999,28.91,45.77,18.780001,3.01,254.960007,72.389999,11.08,40.52,15.74
3,2,2,2020,20200302,26703.30078,74.702499,381.049988,1953.949951,63.139999,148.723999,381.350006,202.550003,29.370001,37.27,53.880001,35.82,196.440002,1386.319946,16.52,115.879997,46.970001,21.74,236.899994,127.599998,245.320007,28.798294,67.087502,28.9,44.950001,18.620001,2.85,273.109985,74.989998,11.83,41.400002,15.81
3,3,3,2020,20200303,25917.40039,72.330002,368.769989,1908.98999,62.650002,149.102005,377.399994,199.509995,27.75,36.810001,51.299999,34.93,185.889999,1337.719971,16.02,112.910004,46.709999,21.33,238.940002,124.379997,239.5,28.782307,66.287498,28.82,44.209999,17.34,2.89,261.399994,74.599998,11.55,41.119999,16.309999
3,4,4,2020,20200304,27090.90039,75.684998,383.790009,1975.829956,64.550003,149.899994,402.029999,207.020004,28.389999,38.18,52.419998,36,191.759995,1381.599976,16.9,116.769997,47.18,22.01,252.75,127.400002,247.110001,29.128696,70.555,29.440001,45.48,17.75,3.09,289.420013,78.150002,11.54,41.849998,16.33
3,5,5,2020,20200305,26121.30078,73.230003,372.779999,1924.030029,63.66,144.908005,384.700012,198.320007,26.780001,37.369999,50.110001,34.970001,185.169998,1314.76001,16.99,115.919998,45.540001,21,243.619995,121.970001,244.139999,29.006128,69.040001,28.639999,45.470001,16.799999,2.92,282.959991,77.629997,11.25,40.970001,16.68
3,6,6,2020,20200306,25864.80078,72.2575,368.970001,1901.089966,63.189999,140.695999,382.470001,198.860001,25.709999,37.48,47.689999,33.459999,181.089996,1295.73999,16.780001,117.230003,44.349998,20.620001,238.75,121.410004,239.119995,28.675726,67.955002,27.950001,43.369999,15.28,2.8,283.869995,76.650002,10.21,40.130001,16.690001
3,9,9,2020,20200309,23851,66.542503,346.48999,1800.609985,62.41,121.599998,352.029999,186.860001,21.93,33.860001,41.860001,32.459999,169.5,1215.790039,15.89,117.160004,37.529999,17.059999,213.220001,104.07,230.779999,26.192379,65.32,26.290001,39.150002,13.22,2.5,273.440002,73.32,7.37,37.389999,16.74
3,10,10,2020,20200310,25018.19922,71.334999,364.130005,1891.819946,62.889999,129.065994,367.170013,199.860001,23.610001,35.470001,43.41,34.310001,178.190002,1275.170044,15.2,119.790001,37.209999,18.85,217.369995,106.489998,237.309998,25.403677,63.932499,26.26,41.080002,14.18,2.64,280,76.589996,7.63,39.290001,16.379999
3,11,11,2020,20200311,23553.19922,68.857498,349.920013,1820.859985,61.689999,126.846001,356.929993,188.25,22.67,33.84,41.98,31.299999,170.240005,1210.900024,13.31,114.43,34.299999,17.58,206.509995,100.690002,231.910004,23.682388,60.314999,24.870001,37.23,13.35,2.21,277.779999,73.559998,7.05,37.459999,16.32
3,12,12,2020,20200312,21200.59961,62.057499,315.25,1676.609985,58.189999,112.110001,311.380005,170.130005,20.51,31.68,37.18,26.780001,154.470001,1111.550049,11.24,104.050003,31.549999,15.52,185.720001,92.260002,220.570007,21.055157,52.2225,21,36.560001,10.92,1.95,250.410004,67.739998,6.3,33.709999,15.66
3,13,13,2020,20200313,23185.59961,69.4925,336.299988,1785,63.66,109.323997,328.589996,177.130005,24.16,33.16,38.119999,29.290001,170.279999,1214.27002,12.74,114.099998,36.099998,17.34,198.25,99.639999,236.5,22.861712,55.389999,22.41,35.959999,10.94,1.67,272.040009,71.919998,6.73,36.139999,15.19
3,16,16,2020,20200316,20188.5,60.552502,298.839996,1689.150024,62.560001,89.014,287.940002,149.009995,20.440001,30.9,34.490002,24.040001,146.009995,1073,12.73,106.760002,35.040001,14.99,171.389999,93.410004,223.139999,20.085264,50.342499,19.209999,31.540001,10.28,1.47,225.039993,53.990002,5.75,31.629999,15.04
3,17,17,2020,20200317,21237.40039,63.215,319.75,1807.839966,69.220001,86.040001,318.829987,147.619995,21.98,32.610001,36.810001,24.48,149.419998,1118.060059,13.8,119.260002,40.91,15.77,172.660004,100.199997,248.520004,21.220358,55.439999,23.129999,32.259998,10.37,1.59,244.220001,55.119999,5.25,33.810001,15.24
3,18,18,2020,20200318,19898.90039,61.6675,315.470001,1830,68.959999,72.244003,333.410004,137.300003,20.790001,28.459999,33.119999,22,146.960007,1091.189941,11.88,122.580002,32.57,13.38,149.820007,100.120003,234.720001,18.875566,52.66,18.940001,30.200001,9.73,1.57,217.059998,42.5,4.56,30.889999,14.91
3,19,19,2020,20200319,20087.19922,61.195,332.029999,1880.930054,61.43,85.528,314.200012,149.5,21.200001,29.33,34.43,24.129999,153.130005,1111.670044,12.17,119.449997,33.91,15.24,168.240005,103.010002,220.960007,18.715694,51.775002,19.639999,33.459999,10.83,1.54,219.800003,48.080002,5.45,31.129999,14.64
3,20,20,2020,20200320,19174,57.310001,332.829987,1846.089966,55.810001,85.505997,291.220001,148.490005,19.67,29.190001,32.740002,23.950001,149.729996,1068.209961,11.69,113.970001,33.27,14.8,153.619995,95.5,220.119995,19.115374,47.9375,20.860001,33.689999,11.83,1.59,206.589996,47.419998,5.25,31.360001,14.86
3,23,23,2020,20200323,18591.90039,56.092499,360.269989,1902.829956,53.560001,86.858002,276.799988,137.100006,18.08,29.219999,31.450001,24.690001,148.100006,1054.130005,10.06,114.279999,30.92,15.19,144.119995,91.849998,200.580002,16.381561,45.415001,18.9,33.07,12.5,1.57,194.860001,43.34,4.79,30.610001,15.5
3,24,24,2020,20200324,20704.90039,61.720001,357.320007,1940.099976,56.27,101,288.910004,161.949997,21.030001,31.790001,35.439999,25.85,160.979996,1130.01001,10.73,115.029999,31.35,16.48,160.419998,101.339996,202.850006,19.115374,51.6325,21.07,33.709999,12.98,1.75,219.800003,50.669998,4.8,32.91,16.25
3,25,25,2020,20200325,21200.59961,61.380001,342.390015,1885.839966,56.169998,107.849998,319.670013,162.979996,21.1,32.5,37.290001,25.969999,156.210007,1101.619995,11.25,109.400002,33.240002,16.85,182.070007,104.669998,203.600006,22.136957,52.567501,21.91,34.790001,13.98,2.05,234.490005,54.5,4.92,34.07,16.049999
3,26,26,2020,20200326,22552.19922,64.610001,362.98999,1955.48999,58.759998,105.632004,350.329987,167.350006,22.719999,32.869999,38.82,26.41,163.339996,1162.920044,11.7,109.82,30.91,17.23,194.919998,110.5,219.350006,22.781775,57.775002,22.34,37.619999,15.16,1.94,255.389999,58.360001,5.08,35.360001,16.280001
3,27,27,2020,20200327,21636.80078,61.935001,357.119995,1900.099976,59.470001,102.872002,348.380005,164.009995,21.6,32.110001,36.950001,25.290001,156.789993,1110.26001,11.42,109.580002,27.32,16.23,181.220001,105.440002,216.580002,21.961098,57.987499,22,35.630001,14.59,2,242.449997,56.900002,4.77,33.349998,16.17
3,30,30,2020,20200330,22327.5,63.702499,370.959991,1963.949951,60.91,100.426003,348.850006,168.130005,22.040001,31.93,37.5,25.59,165.949997,1146.310059,11.68,115.190002,27.379999,16.290001,179.520004,111.709999,222.869995,22.195578,61.502499,22,36.060001,14.46,1.74,251.279999,53.130001,4.53,33.900002,16.190001
3,31,31,2020,20200331,21917.19922,63.572498,375.5,1949.719971,59.990002,104.800003,338.950012,165.350006,21.23,30.709999,37.970001,24.559999,166.800003,1161.949951,12.16,113.620003,28.9,16.68,189.229996,116.040001,229.770004,22.643219,60.154999,22.299999,36.060001,14.42,1.81,249.380005,49.860001,4.6,34.130001,15.72
4,1,1,2020,20200401,20943.5,60.227501,364.079987,1907.699951,61.09,96.311996,338.519989,158.169998,19.77,28.440001,37.529999,23.32,159.600006,1102.099976,11.67,114.139999,30.51,16.4,186.119995,111.349998,225.399994,21.396215,54.557499,21.280001,33.439999,13.58,1.71,237.320007,46.470001,5.03,32.669998,15.84
4,2,2,2020,20200402,21413.40039,61.232498,370.079987,1918.829956,61.32,90.893997,353.959991,161.5,20.57,28.940001,40.400002,23.02,158.190002,1117.030029,11.42,118.650002,31.110001,17.469999,180.350006,116.739998,233.279999,21.545431,56.612499,21.49,35.310001,13.8,1.66,240.440002,45.619999,5.22,33.77,16.110001
4,3,3,2020,20200403,21052.5,60.352501,361.76001,1906.589966,63.580002,96.001999,350.5,160.330002,20.030001,28.629999,39.209999,23.09,154.179993,1092.699951,10.78,119.480003,30.92,17.77,169.509995,114.669998,226.729996,21.273647,55.41,21.07,34.380001,13.25,1.66,229.490005,43.599998,5.47,33.130001,16.209999
4,6,6,2020,20200406,22680,65.6175,379.959991,1997.589966,63.509998,103.248001,367.950012,177.039993,21.389999,30.780001,40.470001,24.93,165.550003,1183.189941,11.93,126.07,32.889999,18.57,176.960007,120.43,237.690002,22.92033,58.627499,22.17,36.75,14.34,1.63,248.339996,46.810001,5.54,34.939999,16.610001
4,7,7,2020,20200407,22653.90039,64.857498,372.279999,2011.599976,62.549999,109.089996,355.279999,175.589996,22.139999,31.17,41.240002,25.610001,168.830002,1182.560059,11.83,121.989998,30.59,18.190001,185.419998,121.919998,237.550003,23.032242,57.122501,22.01,37.349998,14.5,1.67,248.039993,49.330002,5.58,35.119999,16.57
4,8,8,2020,20200408,23433.59961,66.517502,371.119995,2043,61.459999,109.767998,361.410004,177.490005,23.450001,31.940001,43.849998,27.860001,174.279999,1207,12.47,121.839996,31.870001,18.889999,196.770004,127.400002,250,23.879562,58.375,22.1,38.900002,14.83,1.76,267.829987,53.130001,5.65,35.48,16.41
4,9,9,2020,20200409,23719.40039,66.997498,370.720001,2042.76001,62.740002,114.599998,371,183.699997,24.860001,30.73,43.130001,27.77,175.190002,1206.569946,13.96,121.800003,34.77,18.780001,208.190002,125.029999,247.449997,24.433786,61.32,23.200001,40.450001,14.57,1.92,264.130005,56.68,5.81,35.349998,16.790001
4,13,13,2020,20200413,23390.80078,68.3125,396.720001,2168.870117,62.799999,130.190002,369.940002,180.119995,23.92,32.43,42.759998,27.209999,174.789993,1210.410034,14.57,125.300003,34.52,19.110001,197.570007,114.139999,248.059998,24.044764,59.052502,23.27,40.610001,14.46,2.07,263.51001,53.540001,5.96,35.400002,17.139999
4,14,14,2020,20200414,23949.80078,71.762497,413.549988,2283.320068,63.619999,141.977997,380.029999,183.990005,23.73,32.220001,42.43,27.940001,178.169998,1265.22998,15.13,129,35.220001,19,203.190002,116.480003,249.529999,24.796164,60.595001,23.379999,42.119999,15.4,2.12,270.5,56.310001,6.14,36.209999,17.24
4,15,15,2020,20200415,23504.30078,71.107498,426.75,2307.679932,62.950001,145.966003,374.380005,177.839996,22.190001,31.110001,40.48,27.51,176.970001,1257.300049,14.51,128.759995,31.59,17.75,194.149994,111.529999,252.529999,23.868904,59.305,23.049999,40.93,14.76,2.05,281.679993,51.5,5.89,35.279999,17.209999
4,16,16,2020,20200416,23537.69922,71.672501,439.170013,2408.189941,64.129997,149.042007,377.880005,179.5,21.42,31.09,39.150002,26.549999,176.25,1257.430054,12.69,132.330002,28.82,18.040001,187.440002,113.220001,261.609985,23.879562,59.369999,23.18,40.150002,14.47,2.02,298.429993,49.810001,5.69,35.470001,17.15
4,17,17,2020,20200417,24242.5,70.699997,422.959991,2375,65.019997,150.778,401.51001,186.100006,23.280001,31.67,43.220001,26.700001,179.240005,1279,12.88,132.119995,28.059999,18.379999,198.869995,116.300003,261.399994,25.019983,61.564999,23.610001,42.200001,15.1,2.26,290.559998,52.369999,6.16,36.259998,16.790001
4,20,20,2020,20200420,23650.40039,69.232498,437.48999,2393.610107,66.25,149.272003,383.209991,181.649994,22.5,31.040001,41.18,27.01,178.240005,1261.150024,12.27,129.850006,28.85,17.639999,188.639999,114.599998,263.440002,24.098055,59.4025,23.51,41,15.17,2.26,282.140015,50.869999,6.08,35.799999,16.92
4,21,21,2020,20200421,23018.90039,67.092499,433.829987,2328.120117,65.519997,137.343994,373.440002,177.580002,21.639999,29.969999,40.959999,25.75,170.800003,1212.160034,11.97,129.210007,28.09,17.15,179.25,109.849998,256.5,23.181456,58.855,23.059999,39.18,15.04,2.45,274.190002,49.849998,6.14,34.810001,16.809999
4,22,22,2020,20200422,23475.80078,69.025002,421.420013,2363.48999,64.68,146.421997,380.399994,186.479996,21.799999,29.4,42.130001,28.440001,182.279999,1258.410034,11.8,131.589996,29.540001,18.059999,177.050003,110.639999,266.76001,23.634426,61.7925,23.700001,40.23,15.02,2.44,277.019989,50.18,6.48,35.759998,17.120001
4,23,23,2020,20200423,23515.30078,68.7575,426.700012,2399.449951,64.5,141.126007,376.730011,182.039993,21.870001,30.190001,43.450001,27.860001,185.130005,1271.170044,11.43,128.529999,25.98,18.309999,177.740005,112.910004,265.079987,23.602451,60.285,23.77,42.290001,14.82,2.37,285.329987,49.32,7.05,35.630001,17.27
4,24,24,2020,20200424,23775.30078,70.7425,424.98999,2410.219971,64.099998,145.029999,381.769989,184.020004,22.18,30.6,43.73,28.74,190.070007,1276.599976,11.71,129.440002,23.57,18.41,177.350006,114.040001,268.170013,23.394617,59.924999,23.85,40.84,15.59,2.44,291.290009,49.919998,7.19,35.580002,17.25
4,27,27,2020,20200427,24133.80078,70.792503,421.380005,2376,65.099998,159.75,378.570007,185.889999,23.469999,31.389999,43.939999,30,187.5,1270.859985,12.15,128.300003,22.82,18.58,182.009995,115.199997,270,24.551025,60.900002,24.200001,43.259998,17.530001,2.44,293.980011,51.310001,7.23,36.299999,17.15
4,28,28,2020,20200428,24101.5,69.644997,403.829987,2314.080078,65.760002,153.824005,384.730011,185.929993,23.889999,31.700001,44.970001,28.790001,182.910004,1232.589966,12.75,128,25.610001,18.639999,189.119995,115.459999,261.920013,24.753531,59.825001,24.344999,41.77,16.74,2.88,288.359985,53.189999,7.25,36.369999,17.049999
4,29,29,2020,20200429,24633.90039,71.932503,411.890015,2372.709961,64.900002,160.102005,387.910004,187.820007,24.780001,32.75,47.459999,31.09,194.190002,1342.180054,13.32,123.599998,28.440001,19.549999,197.839996,120.059998,257.850006,25.206501,58.782501,24.389999,45.549999,17.059999,2.98,287.649994,55.27,8.14,37.43,17.120001
4,30,30,2020,20200430,24345.69922,73.449997,419.850006,2474,65.5,156.376007,389.059998,187.559998,24.049999,32.52,46.470001,28.68,204.710007,1346.699951,12.68,121.550003,29.190001,18.959999,190.229996,116.379997,252.529999,24.98801,57.779999,23.940001,44.009998,16,2.93,292.470001,54.919998,8.4,36.639999,16.84
5,1,1,2020,20200501,23723.69922,72.267502,415.269989,2286.040039,64.860001,140.264008,383.470001,182.660004,23.08,32.450001,43.139999,27.84,202.270004,1317.319946,11.76,122.919998,26.82,18.33,186.589996,110.879997,251.869995,24.076738,56.762501,23.299999,41.98,15.26,3.15,284.51001,51.790001,7.81,35.32,16.959999
5,4,4,2020,20200504,23749.80078,73.290001,428.149994,2315.98999,63.669998,152.238007,380.160004,181.869995,22.93,32.389999,44.880001,28.23,205.259995,1322.900024,11.6,123.699997,29.75,18.93,190.649994,107.720001,255.270004,23.788969,57.522499,23.5,43.400002,15.74,3.21,287.540009,50.610001,8.09,35.700001,16.99
5,5,5,2020,20200505,23883.09961,74.389999,424.679993,2317.800049,63.240002,153.641998,390.299988,179.240005,22.66,33.360001,44.830002,28.07,207.070007,1349.02002,11.57,124.730003,27.52,19.139999,181.509995,108.910004,261.700012,24.833467,57.525002,23.620001,43.099998,15.76,3.19,293.040009,52.049999,8.22,35.900002,17.07
5,6,6,2020,20200506,23664.59961,75.157501,434.26001,2351.26001,64.089996,156.516006,378.579987,176.970001,22.35,34.810001,43.990002,27.68,208.470001,1345.430054,11.2,123.300003,26.719999,18.83,174.490005,107.669998,259.130005,25.169197,55.665001,22.950001,43.119999,15.36,2.95,288.769989,52.48,7.58,35.790001,16.860001
5,7,7,2020,20200507,23875.90039,75.934998,436.529999,2367.610107,62.689999,156.007996,376.540009,181.119995,22.84,35.099998,44.240002,28.77,211.259995,1369.280029,11.11,121.889999,26.9,18.92,179.690002,107.290001,256.25,25.845989,56.119999,22.799999,44.66,15.44,2.91,285,54.41,7.49,36.080002,17.110001
5,8,8,2020,20200508,0,77.532501,435.549988,2379.610107,63.68,163.884003,378.399994,181.229996,23.57,35.790001,46.18,29.93,212.350006,1384.339966,11.5,122.940002,32.580002,19.360001,176.589996,112.110001,254.479996,26.538769,57.432499,23.299999,44.16,15.34,2.99,287,54.860001,7.64,36.84,17.02
5,11,11,2020,20200511,24222,78.752502,440.519989,2409,63.259998,162.257996,376.559998,180.880005,22.58,36.099998,45.740002,29.690001,213.179993,1403.589966,11.65,123.669998,31.6,18.99,170.529999,108.610001,262.049988,27.10898,56.845001,23.5,42.869999,14.97,2.92,288.690002,54.02,7.69,36.599998,16.92
5,12,12,2020,20200512,23764.80078,77.852501,431.820007,2356.949951,63.529999,161.882004,371.109985,176.539993,21.870001,37.139999,44.119999,29.15,210.100006,1375.180054,11.2,123.779999,30.040001,19.059999,169.440002,105,262.089996,26.602718,56.982498,24.02,40.349998,14.77,2.8,287.700012,51.669998,7.51,36.459999,16.969999
5,13,13,2020,20200513,23248,76.912498,438.269989,2367.919922,64.169998,158.192001,364.179993,172.820007,20.870001,36.110001,41.93,28.129999,205.100006,1348.329956,10.6,123.709999,28.450001,18.620001,160.630005,104.480003,261.920013,25.515587,57.529999,23.610001,39.43,13.56,2.54,278,50.220001,6.94,36.389999,17.120001
5,14,14,2020,20200514,23625.30078,77.385002,441.950012,2388.850098,63.650002,160.666,356.279999,175.410004,21.709999,36.419998,42.299999,28.559999,206.809998,1356.859985,10.41,123.419998,28.09,19.09,169.009995,106.190002,258.700012,25.771383,58.057499,23.76,39.790001,13.86,2.51,290.609985,50.380001,6.93,36.529999,17.280001
5,15,15,2020,20200515,23685.40039,76.927498,454.190002,2409.780029,64.07,159.834,360.399994,173.809998,21.440001,36.779999,42,29,210.880005,1373.060059,10.36,125.940002,29.040001,18.889999,168.070007,107.919998,258.25,25.504929,56.962502,23.34,39.369999,15.86,2.51,290.959991,49.990002,7.2,36.029999,17.4
5,18,18,2020,20200518,24597.40039,78.739998,452.579987,2426.26001,63.75,162.725998,377.540009,179.830002,22.93,37.57,45.34,29.639999,213.190002,1385.180054,11.27,127.660004,30.790001,19.860001,180.869995,115.019997,264.769989,27.263523,58.862499,24.66,42.369999,16.32,2.59,293.359985,53.07,7.81,37.439999,17.27
5,19,19,2020,20200519,24206.90039,78.285004,451.040009,2449.330078,62.43,161.602005,371.480011,179.570007,22.209999,37.130001,43.939999,29.879999,216.880005,1374.400024,10.76,124.949997,31.370001,19.799999,174.850006,112.080002,263.200012,26.01652,57.625,25.01,43.23,17.299999,2.59,289.049988,52.59,7.95,37.139999,17.41
5,20,20,2020,20200520,24575.90039,79.807503,447.670013,2497.939941,62.48,163.112,362.51001,184.100006,22.91,36.610001,45.369999,32.23,229.970001,1409.160034,10.97,125.449997,33.700001,20.6,179.100006,115.690002,242.990005,26.261658,58.197498,26.42,43.939999,16.93,2.65,287.98999,51.439999,8.29,37.630001,17.450001
5,21,21,2020,20200521,24474.09961,79.212502,436.25,2446.73999,61.369999,165.520004,368.820007,185.080002,22.9,38.18,44.560001,32.34,231.389999,1406.75,11.22,124.989998,32.75,20.370001,178.630005,114.059998,238.940002,26.123102,57.224998,26.459999,43.759998,18.25,2.66,286.910004,51.75,8.18,37.200001,17.209999
5,22,22,2020,20200522,24465.19922,79.722504,429.320007,2436.879883,62.09,163.376007,369,184.410004,22.66,38.310001,44.599998,32.619999,234.910004,1413.23999,11.2,124.330002,31.780001,20.139999,179.690002,112.470001,239.25,25.845989,58.462502,26.709999,43.470001,19.42,2.65,289.940002,52.150002,8.2,36.43,17.309999
5,26,26,2020,20200526,24995.09961,79.182503,414.769989,2421.860107,62.119999,163.774002,372.200012,184.839996,24.280001,39.299999,45.91,34.009998,232.199997,1421.369995,12.22,123.860001,33.509998,20.540001,188.990005,117.410004,233.139999,27.103651,58.577499,26.440001,46.560001,20.01,2.68,294.890015,55.490002,8.42,37.23,17.07
5,27,27,2020,20200527,25548.30078,79.527496,419.890015,2410.389893,64.610001,164.046005,397.119995,187.720001,25.98,39.439999,46.240002,33.07,229.139999,1420.280029,13.09,122.480003,34.549999,20.639999,202.369995,122.419998,234.800003,26.091127,60.282501,26.34,46.610001,19.9,2.67,303.769989,55.389999,8.26,37.349998,17.08
5,28,28,2020,20200528,25400.59961,79.5625,413.440002,2401.100098,65.419998,161.162003,398.440002,188.729996,24.860001,38.619999,45.040001,31.6,225.460007,1418.23999,12.38,123.690002,34.439999,20.74,197.449997,120.739998,241.5,25.579536,62.84,26.34,45.52,21.719999,2.56,303.970001,55.700001,8.27,37.09,17.15
5,29,29,2020,20200529,25383.09961,79.485001,419.730011,2442.370117,65.309998,167,388.440002,186.320007,24.120001,39.23,45.470001,30.969999,225.089996,1433.52002,11.98,124.059998,32.959999,20.620001,192.089996,120.129997,246.929993,26.032507,63.889999,26.200001,46.619999,17.370001,2.48,304.850006,55.310001,8.16,37.73,17.27
6,1,1,2020,20200601,25475,80.462502,425.920013,2471.040039,66.110001,179.619995,388.959991,187.410004,24.610001,39.41,46.279999,31.889999,231.910004,1434.869995,12.67,123.959999,32.25,21.23,195.960007,120.5,244.850006,25.723421,63.912498,26.440001,48.009998,16.48,2.63,305.929993,56.57,8.21,38.599998,17.34
6,2,2,2020,20200602,25742.69922,80.834999,427.309998,2472.409912,66.809998,176.311996,389.769989,187.589996,24.84,39.869999,47.310001,32.259998,232.720001,1442.310059,12.6,123.940002,31.25,21.530001,204.779999,123.32,244.5,25.787371,64.150002,26.98,47.900002,16.139999,2.73,306.309998,57.200001,8.31,39.52,17.24
6,3,3,2020,20200603,26269.90039,81.279999,421.970001,2478.399902,65.43,176.591995,402.630005,193.289993,25.99,41.040001,49.240002,34.880001,230.160004,1439.25,13.29,123.470001,32.389999,21.809999,209.919998,127.089996,243.039993,25.989874,64.894997,27.5,49.5,16.57,2.95,305.350006,60.16,8.53,40.439999,16.93
6,4,4,2020,20200604,26281.80078,80.580002,414.329987,2460.600098,64.709999,172.876007,403.670013,193.240005,26.780001,40.509998,49.099998,33.720001,226.289993,1414.300049,13.3,122.110001,33.77,21.02,211.5,128.960007,243.550003,25.531574,62.9725,27.48,49.610001,16.629999,3.24,298.079987,60.110001,8.82,39.869999,17.110001
6,5,5,2020,20200605,0,82.875,419.600006,2483,65.620003,177.132004,410.75,197.160004,28.110001,41.48,53.080002,34.869999,230.770004,1440.02002,13.87,121.559998,37.689999,21.42,225.429993,135.119995,242.009995,25.680788,63.595001,27.799999,51.380001,16.51,3.19,311.850006,62.209999,9.16,40.919998,16.75
6,8,8,2020,20200608,27572.40039,83.364998,419.48999,2524.060059,67.169998,189.983994,414.299988,202.649994,28.540001,40.73,54.740002,36.639999,231.399994,1448.040039,14.47,121.239998,40.889999,21.809999,222.149994,137.720001,247.240005,26.485477,65.120003,27,54.439999,17.940001,3.15,309.480011,64.169998,9.34,41.169998,16.92
6,9,9,2020,20200609,27272.30078,85.997498,434.049988,2600.860107,66.199997,188.134003,408.559998,199.520004,28.219999,40.619999,53.52,35.919998,238.669998,1452.079956,14.67,121.349998,39.049999,21.59,208.850006,134.190002,237.279999,26.453505,64.667503,27.219999,53.060001,17.73,3.74,309.209991,62.849998,8.95,40.889999,17.09
6,10,10,2020,20200610,26990,88.209999,434.480011,2647.449951,66.519997,205.009995,403.769989,195.800003,26.6,41.380001,50.650002,35.139999,236.729996,1464.699951,13.62,121.160004,37.490002,21.65,204.589996,132.440002,237.139999,26.091127,64.197502,27.389999,51.189999,17.690001,4.05,305.75,62.130001,8.77,41.189999,17.34
6,11,11,2020,20200611,25128.19922,83.974998,425.559998,2557.959961,63.77,194.567993,383.880005,187.509995,23.93,40.060001,46.18,33.029999,224.429993,1401.900024,12.23,120.089996,32.830002,20.450001,188.889999,121.550003,230.190002,24.561684,62.0825,26.41,48.939999,15.91,3.42,283.730011,57.880001,7.83,39.040001,17.23
6,12,12,2020,20200612,25605.5,84.699997,418.070007,2545.02002,63.59,187.056,381.869995,189.169998,24.780001,40.560001,47.169998,33.400002,228.580002,1412.920044,12.7,117.739998,33.009998,20.92,197.050003,123.150002,230.880005,25.254463,61.727501,26.85,49.419998,16.5,3.78,285.149994,60.43,7.77,39.869999,17.26
6,15,15,2020,20200615,25763.19922,85.747498,425.5,2572.679932,65.489998,198.179993,373.279999,189.490005,25.15,41.790001,47.139999,34.110001,232.5,1420.73999,12.95,118.080002,33.59,20.85,199.190002,123.610001,234.149994,25.798029,62.142502,26.959999,50.110001,16.75,4.24,286.279999,62.57,8.14,39.279999,17.200001
6,16,16,2020,20200616,26290,88.019997,436.130005,2615.27002,66.68,196.425995,382.769989,190.320007,25.799999,41.990002,48.200001,34.630001,235.649994,1446.469971,13.2,119.650002,34.610001,20.99,214.130005,130.110001,236.460007,25.968559,62.0425,27.59,51.310001,17.799999,4.4,293,63.16,8.25,39.529999,17.200001
6,17,17,2020,20200617,26119.59961,87.897499,447.769989,2640.97998,67.080002,198.358002,382.109985,190.789993,25,42.779999,46.630001,34.34,235.529999,1452.540039,12.17,119.029999,32.48,20.790001,210.729996,128.229996,237.270004,26.405542,62.25,28.26,49.900002,16.889999,4.135,292.600006,63.060001,8.09,39.91,17.24
6,18,18,2020,20200618,26080.09961,87.932503,449.869995,2653.97998,67.75,200.792007,378.390015,189.490005,25.040001,42.549999,46.919998,34.029999,235.940002,1434.119995,12.1,117.989998,31.43,20.780001,212.009995,127.589996,236.229996,26.181721,62.232498,28.280001,50.470001,17.18,4.54,291.480011,63.389999,8.06,39.93,17.200001
6,19,19,2020,20200619,25871.5,87.43,453.720001,2675.01001,67.779999,200.179993,372.200012,186.559998,25.25,41.900002,45.98,33.41,238.789993,1424.640015,11.83,119.849998,30.809999,20.85,211.020004,127.459999,237.589996,26.096457,60.552502,27.969999,50.200001,17.33,4.88,291.23999,61.529999,7.97,39.919998,17.389999
6,22,22,2020,20200622,26025,89.717499,468.040009,2713.820068,66.699997,198.863998,375.959991,187.460007,24.620001,42.279999,46.419998,33.470001,239.220001,1450.660034,12.19,121.68,30.48,21.41,209.740005,125.790001,235.190002,26.416201,61.759998,28.42,49.799999,17.370001,5.92,292.670013,61.439999,7.93,40.41,17.51
6,23,23,2020,20200623,26156.09961,91.6325,466.26001,2764.409912,66.32,200.356003,371.700012,186.619995,24.790001,42.540001,46.700001,32.91,242.240005,1463.97998,11.86,121.07,30.559999,21.59,211.960007,126.25,237.830002,26.101786,60.802502,28.459999,51.919998,17.24,6.95,297.600006,61.27,7.88,40.799999,17.639999
6,24,24,2020,20200624,25445.90039,90.014999,457.850006,2734.399902,64.879997,192.169998,359.820007,184.289993,23.809999,41.709999,44.5,31.73,234.020004,1432.699951,11.49,120.300003,29.99,21.219999,206.490005,122.059998,232.809998,25.355715,60.4175,28.209999,49.080002,16.709999,8.51,289.179993,59.459999,7.48,40.259998,17.610001
6,25,25,2020,20200625,25745.59961,91.209999,465.910004,2754.580078,65.510002,197.195999,362.820007,182.759995,24.719999,42.419998,45.169998,31.370001,235.679993,1441.099976,11.45,119.709999,30.17,21.629999,205.830002,124.709999,228.940002,25.734079,59.790001,28.370001,50.380001,16.59,8.56,296.220001,59.57,7.41,40.43,17.59
6,26,26,2020,20200626,25015.5,88.407501,443.399994,2692.870117,63.860001,191.947998,356.76001,179.740005,23.15,41.790001,43.619999,29.049999,216.080002,1362.540039,11.08,118.32,29.209999,21.17,202.789993,122.389999,233.570007,25.265121,59.055,28.5,48.759998,15.95,9.9,286.880005,58.41,7.06,39.939999,17.65
6,29,29,2020,20200629,25595.80078,90.445,447.23999,2680.379883,65.080002,201.869995,367.5,182.800003,23.389999,42.169998,44.32,29.49,220.639999,1397.170044,11.45,119.059998,30.049999,21.17,206.5,125.25,232.970001,25.286438,59.560001,28.84,49.610001,16.34,14.51,289.76001,59.779999,7.02,40.119999,17.66
6,30,30,2020,20200630,25812.90039,91.199997,455.040009,2758.820068,66.059998,215.962006,364.920013,184.470001,23.75,42.029999,44.720001,29.790001,227.070007,1418.050049,11.83,119.779999,28.41,20.75,206.570007,126.5,239.270004,25.526245,60.0425,29.1,49.5,16.16,17.389999,294.950012,59.5,7.12,39.990002,17.76
7,1,1,2020,20200701,25735,91.027496,485.640015,2878.699951,65.93,223.925995,360.420013,184.660004,23.26,42.619999,43.709999,30.809999,237.550003,1442,11.83,119.690002,28.5,20.92,208.970001,126.059998,241.529999,25.664801,61.564999,29.709999,49.09,16.469999,19.18,297.730011,61.09,7.09,40.439999,17.67
7,2,2,2020,20200702,0,91.027496,476.890015,2890.300049,66.309998,241.731995,362,183.520004,23.290001,41.810001,44.080002,30.870001,233.419998,1469.930054,11.77,119.209999,29.459999,21.219999,213.490005,127.720001,245.029999,26.394884,61.599998,29.74,49.880001,16.450001,20.91,298.26001,61.099998,7.04,41.360001,17.709999
7,6,6,2020,20200706,0,93.462502,493.809998,3057.040039,66.199997,274.31601,362.589996,188.5,23.66,42.68,44.389999,32.34,240.279999,1499.650024,11.28,118.889999,29.98,21.23,216.339996,129.429993,250.470001,26.266987,61.740002,29.530001,53.41,16.940001,17.610001,302.809998,60.259998,6.17,43.139999,17.799999
7,7,7,2020,20200707,0,93.172501,493.160004,3000.120117,66.610001,277.971985,353.269989,185.820007,23.01,42.810001,43.240002,32.990002,240.860001,1489.920044,11.49,126.949997,29.34,21.209999,212.570007,127.199997,251.380005,26.027178,61.68,29.42,53.16,16.5,16.85,296.649994,58.57,6.31,42.419998,17.92
7,8,8,2020,20200708,26067.30078,95.342499,502.779999,3081.110107,66.610001,273.175995,350.230011,185.850006,23.1,43.02,43.139999,35.41,243.580002,1503.599976,11.69,124.440002,28.799999,21.459999,208.889999,128.130005,252.729996,26.442846,63.317501,29.84,58.060001,16.33,16.66,298.359985,58.529999,6.54,43.52,18.049999
7,9,9,2020,20200709,25706.09961,95.752502,507.76001,3182.629883,65.900002,278.855988,339.959991,184.330002,22.77,42.619999,41.360001,35.720001,244.5,1518.660034,11.36,127.75,27.4,21.42,206.710007,125.730003,258.609985,26.560085,62.997501,29.709999,57.200001,16.02,16.059999,291.160004,57.119999,6.34,43.52,17.99
7,10,10,2020,20200710,26075.30078,95.919998,548.72998,3200,67.190002,308.929993,349.25,184.880005,24.02,43.240002,42.650002,35.400002,245.070007,1539.01001,11.86,130.679993,28.379999,21.43,210.149994,128.009995,257.369995,26.032507,64.900002,29.620001,57.490002,17.42,15.18,291.230011,56.990002,6.44,43.240002,17.950001
7,13,13,2020,20200713,26085.80078,95.477501,525.5,3104,66.949997,299.411987,353.059998,184.919998,24.190001,42.119999,42.66,33.82,239,1512.22998,11.88,129.520004,27.74,21.01,210.410004,130.570007,257.410004,26.485477,64.059998,29.200001,56.209999,17.299999,15.44,299.709991,56.830002,6.36,42.950001,17.950001
7,14,14,2020,20200714,26642.59961,97.057503,524.880005,3084,68.400002,303.359985,355.660004,190.720001,24.139999,43.400002,44.07,34.380001,239.729996,1520.859985,11.91,132.009995,28.15,21.129999,214.770004,136.880005,263.399994,27.524647,65.637497,28.629999,61.779999,17.379999,16.5,308.519989,57.549999,6.36,43.009998,18.049999
7,15,15,2020,20200715,26870.09961,97.724998,523.26001,3008.870117,68.089996,309.201996,364.559998,191.770004,24.6,44.139999,44.630001,35.669998,240.279999,1516.880005,12.15,132,29.5,21.360001,222.039993,138.360001,266.959991,28.47855,64.75,29.379999,60.98,18.15,16.34,304.070007,58.630001,6.62,43.139999,18.059999
7,16,16,2020,20200716,26734.69922,96.522499,527.390015,2999.899902,68.239998,300.127991,365.880005,190.919998,23.93,44.799999,44.279999,35.279999,240.929993,1514.920044,11.67,132.199997,29.42,21.23,223.089996,138.559998,265.049988,28.489208,67.095001,28.860001,59.029999,18.110001,15.83,307.149994,57.66,6.59,42.529999,17.9
7,17,17,2020,20200717,26671.90039,96.327499,492.98999,2961.969971,68.629997,300.167999,368.5,191.479996,23.219999,45.740002,43.52,35.810001,242.029999,1516.849976,11.49,131.740005,28.639999,21.23,223.550003,136.899994,266.980011,29.698908,68.845001,29.32,61,17.950001,14.93,306.529999,58.59,6.47,42.77,18.040001
7,20,20,2020,20200720,26680.90039,98.357498,502.410004,3196.840088,67.419998,328.600006,365.529999,191.610001,23.58,45.200001,42.5,37.060001,245.419998,1563.839966,10.82,131.470001,28.110001,21.68,221.440002,134.630005,267.850006,29.74687,68.582497,29.52,62.16,17.690001,16.32,303.459991,57.380001,6.48,43.32,18.139999
7,21,21,2020,20200721,26840.40039,97,490.100006,3138.290039,67.669998,313.671997,375.119995,192.979996,24.42,45.639999,44.650002,37.009998,241.75,1555.920044,11.06,132.330002,28.99,21.959999,225.690002,135.869995,271.309998,30.210499,69.082497,29.91,60.740002,17.65,16.09,305.109985,57.189999,6.74,43.720001,18.35
7,22,22,2020,20200722,27005.80078,97.272499,489.820007,3099.909912,67.459999,318.466003,394.079987,198.619995,24.309999,44.84,43.610001,36.939999,239.869995,1564.849976,11.16,132.660004,28.34,22.120001,224.330002,136.979996,273.440002,29.789501,70.105003,29.969999,61.150002,17.299999,16.41,306.709991,58.5,6.59,43.529999,18.639999
7,23,23,2020,20200723,26652.30078,92.845001,477.579987,2986.550049,68.410004,302.614014,387.619995,197.550003,24.540001,44.290001,43.700001,38.439999,232.600006,1516.75,11.06,131.639999,29.41,22.030001,223.429993,136.600006,272.709991,29.187317,70.2425,29.860001,62.5,16.690001,15.6,302.970001,57.349998,6.62,43.18,18.790001
7,24,24,2020,20200724,26469.90039,92.614998,480.450012,3008.909912,68.68,283.399994,386.209991,198.720001,24.35,45,43.43,37.540001,230.710007,1508.209961,10.79,131.240005,30.559999,22.27,223.649994,137.580002,271.890015,28.201439,70.0625,29.620001,62.16,16.469999,15.145,300.790009,57.419998,6.65,43.139999,18.98
7,27,27,2020,20200727,26584.80078,94.809998,495.649994,3055.209961,69.970001,307.920013,382.089996,201.25,24.139999,45.84,44.07,36.849998,233.5,1529.430054,10.75,131.210007,30.02,22.65,228,139.889999,275.179993,27.96163,69.407501,29.889999,62.259998,16.959999,15.73,298.600006,58.639999,6.38,43.810001,19.33
7,28,28,2020,20200728,26379.30078,93.252502,488.51001,3000.330078,70.910004,295.298004,386.660004,196.240005,24.360001,45.130001,43.549999,36.610001,230.119995,1503.650024,10.75,131.759995,29.889999,22.219999,212.399994,138.029999,273,27.67919,70.010002,30.16,59.68,19.48,16.1,299.929993,59.849998,6.24,43.450001,19.5
7,29,29,2020,20200729,26539.59961,95.040001,484.480011,3033.530029,70.940002,299.821991,387.299988,196.210007,25.27,45.82,44.029999,37.16,233.289993,1523.51001,10.72,130.690002,31.92,22.48,214.130005,140.529999,276.399994,29.096724,70.360001,30.190001,60.110001,18.49,16.15,306.679993,60.619999,6.67,44.150002,19.65
7,30,30,2020,20200730,26313.59961,96.190002,485.799988,3051.879883,70.589996,297.497986,381.720001,195.410004,24.84,46.040001,41.869999,36.720001,234.5,1538.369995,10.6,130.119995,30.950001,22.02,209.199997,136.729996,273.839996,26.92,70.584999,30.32,59.700001,18.6,16.42,305.230011,60.549999,6.52,43.59,19.48
7,31,31,2020,20200731,26428.30078,106.260002,488.880005,3164.679932,68.989998,286.152008,378.970001,194.279999,24.879999,46.139999,42.080002,36.400002,253.669998,1487.949951,10.63,129.399994,31.02,21.9,207.179993,132.880005,281.339996,28.726667,70.175003,29.969999,59.549999,18.280001,15.52,302.779999,60.049999,6.55,43.290001,19.690001
8,3,3,2020,20200803,26664.40039,108.9375,498.619995,3111.889893,69.349998,297,377.100006,194.399994,24.99,45.900002,42.25,36.389999,251.960007,1482.76001,11,129.300003,31.49,22.280001,208.080002,131.779999,283.679993,29.873333,69.397499,30.299999,60.84,19.059999,19.18,303.609985,59.41,6.74,43.59,19.700001
8,4,4,2020,20200804,26828.5,109.665001,509.640015,3138.830078,69.709999,297.399994,377.98999,199.360001,25.01,46.790001,43.470001,36.349998,249.830002,1473.300049,11.41,131.639999,31.42,22.370001,212.279999,131.520004,282.859985,29,71.262497,30.24,64.040001,19.32,17.17,304.5,61.860001,6.91,44.169998,20.110001
8,5,5,2020,20200805,27201.5,110.0625,502.109985,3205.030029,69.260002,297.003998,383.5,199.259995,25.389999,47.380001,43.849998,36.790001,249.119995,1479.089966,11.44,129.809998,31.17,22.969999,216.850006,134.970001,283.429993,29.266666,70.945,30.01,65.730003,19.209999,16.924999,312.470001,62.349998,7.15,44.650002,20.309999
8,6,6,2020,20200806,27387,113.902496,509.079987,3225,69.230003,297.915985,379.73999,203.179993,25.469999,46.48,43.639999,37.689999,265.279999,1504.949951,10.68,129.350006,31.59,22.84,213.080002,134.389999,259.609985,29.360001,70.702499,29.93,64.459999,17.52,16.639999,314.059998,62.139999,6.63,44.790001,20.57
8,7,7,2020,20200807,27433.5,111.112503,494.730011,3167.459961,69.519997,290.541992,385.619995,204.600006,26.110001,45.610001,43.439999,37.139999,268.440002,1498.369995,10.67,129.970001,31.719999,22.51,220,134.919998,256.410004,30.166666,71.945,30.030001,72.93,16.629999,16.52,317.029999,62.720001,6.43,43.869999,20.23
8,10,10,2020,20200810,27791.40039,112.727501,483.380005,3148.159912,69.019997,283.713989,389.26001,204.119995,26.559999,44.5,44.509998,37.439999,263,1496.819946,10.89,131.880005,33.66,22.700001,223.410004,142.020004,256.75,30.326666,70.910004,29.940001,72.5,17.93,15.265,319.100006,62.459999,6.51,43.98,20.17
8,11,11,2020,20200811,27686.90039,109.375,466.929993,3080.669922,68.129997,274.877991,391.959991,205,26.92,43.540001,44.970001,37.279999,256.130005,1480.540039,11.09,130.199997,33.59,22.68,225.550003,142.529999,255,29.733334,69.447502,29.74,70.190002,16.950001,15.31,315.549988,62.68,6.53,43.860001,19.1
8,12,12,2020,20200812,27976.80078,113.010002,475.470001,3162.23999,69.279999,310.951996,392.440002,206.020004,26.73,43.48,44.09,37.439999,259.890015,1507.23999,11.28,131.889999,33.02,23.1,221.119995,142.570007,257.220001,29.813334,71.147499,30.15,73.529999,17.25,15.41,322.269989,63,6.55,44.450001,19.02
8,13,13,2020,20200813,27896.69922,115.010002,481.329987,3161.02002,69.019997,324.200012,389.23999,206.490005,26.35,44.82,43.009998,37.82,261.299988,1516.650024,11.01,131.850006,32.84,23.440001,219.630005,140.669998,262.329987,29.166666,71.099998,30.32,75.709999,17.32,15.21,321.519989,61.43,6.55,44.32,19.459999
8,14,14,2020,20200814,27931,114.907501,482.679993,3148.02002,69.099998,330.141998,391.420013,207.029999,26.469999,44.509998,43.200001,37.900002,261.23999,1504.630005,11.16,132.600006,34.119999,23.5,219.330002,139.960007,258.170013,28.933332,70.125,30.700001,74.309998,17.190001,15.27,323.700012,61.009998,6.62,44.240002,19.370001
8,17,17,2020,20200817,27844.90039,114.607498,482.350006,3182.409912,69.68,367.127991,388.959991,208.669998,25.9,44.360001,42.639999,37.970001,261.160004,1516.23999,11.25,135.600006,33.549999,23.290001,216.419998,138.720001,260.040009,29.206667,70.747498,30.91,73.610001,16.950001,15.605,320.51001,61.98,6.59,44.799999,19.780001
8,18,18,2020,20200818,27778.09961,115.5625,491.869995,3312.48999,70.110001,377.417999,390.26001,210.320007,25.530001,43.990002,42.43,38.009998,262.339996,1555.780029,10.94,134.710007,33.52,23.440001,214.889999,138.369995,263.859985,29.046667,70.762497,30.559999,74.410004,16.92,16.754999,316.809998,61.580002,6.49,44.75,19.969999
8,19,19,2020,20200819,27692.90039,115.707497,484.529999,3260.47998,68.849998,375.705994,390.049988,209.509995,25.5,44.009998,41.959999,38.889999,262.589996,1544.609985,10.86,132.410004,32.93,23.219999,212.190002,138.020004,262,29.766666,70.584999,30.27,75.849998,16.629999,16.41,315.399994,60.049999,6.52,44.200001,19.34
8,20,20,2020,20200820,27739.69922,118.275002,497.899994,3297.370117,68.739998,400.365997,387.880005,209.880005,25.1,44.290001,41.32,38.959999,269.01001,1576.25,10.86,130.570007,32.790001,22.870001,209.190002,137.479996,258.929993,30.886667,70.527496,30.1,73.660004,16.299999,16.129999,313.329987,61.009998,6.65,44.060001,19.459999
8,21,21,2020,20200821,27930.30078,124.370003,492.309998,3284.719971,68.889999,409.996002,389.570007,211.570007,24.98,43.580002,41.009998,39.259998,267.01001,1575.569946,10.82,131.630005,32.060001,22.59,209.660004,138.429993,257.720001,30.76,70.602501,30.25,74.099998,16.02,15.99,314.140015,61.119999,6.65,44.279999,19.309999
8,24,24,2020,20200824,28308.5,125.857498,488.809998,3307.459961,69.580002,402.839996,395.040009,212.619995,25.690001,43.5,42.220001,40.490002,271.390015,1585.150024,11.17,131.330002,33.759998,22.83,212.039993,141.679993,254.949997,31.533333,70.657501,30.01,76.519997,16.43,16.424999,308.839996,62.439999,6.61,44.77,19.190001
8,25,25,2020,20200825,28248.40039,124.824997,490.579987,3346.48999,69.489998,404.667999,394.839996,212.649994,26,43,40.880001,40.549999,280.820007,1605.849976,11.14,130.630005,34.950001,22.66,211.300003,141.149994,255.789993,31.186666,70.327499,30.5,77.370003,16.780001,18.200001,312.220001,62.57,6.57,45.220001,19.209999
8,26,26,2020,20200826,28331.90039,126.522499,547.530029,3441.850098,70.379997,430.634003,395.440002,213.759995,25.559999,43.150002,40.009998,41.080002,303.910004,1644.130005,11.01,130.699997,34.779999,22.76,208.470001,141.830002,253.979996,31.700001,69.75,30.34,78.190002,16.5,17.43,308.820007,61.68,6.46,45.34,19.459999
8,27,27,2020,20200827,28492.30078,125.010002,526.27002,3400,70.459999,447.75,395.019989,212.190002,26.049999,43.369999,39.740002,40.389999,293.220001,1628.52002,11.12,136.630005,35.240002,22.6,209.080002,143.369995,246.570007,31.613333,69.720001,30.49,77.610001,16.5,16.754999,311.670013,62.5,6.53,44.959999,19.219999
8,28,28,2020,20200828,28653.90039,124.807503,523.890015,3401.800049,70.540001,442.679993,395.589996,214.910004,26.299999,43.799999,40.689999,41.07,293.660004,1639.430054,11.16,140.300003,38.169998,22.690001,207.320007,143.630005,242.800003,30.873333,69.887497,29.77,80,16.9,16.389999,314.369995,63.439999,6.6,45.549999,19.559999
8,31,31,2020,20200831,28430,129.039993,529.559998,3450.959961,70.910004,498.320007,390.26001,213.520004,25.74,43.330002,39.939999,40.580002,293.200012,1629.530029,11.16,138.850006,37.669998,22.68,202.869995,142.309998,242.770004,30.293333,69.792503,30.030001,76.589996,16.52,18.110001,312.549988,62.029999,6.42,44.540001,19.610001
9,1,1,2020,20200901,28645.69922,134.179993,556.549988,3499.120117,69.239998,475.049988,386.809998,212.690002,25.709999,43.720001,39.43,41.150002,295.440002,1655.079956,11.08,147.589996,38.470001,22.809999,207.860001,146.050003,240.839996,30.040001,69.282501,29.9,78.419998,16.41,20.15,312.829987,62.450001,6.29,45.299999,19.629999
9,2,2,2020,20200902,29100.5,131.399994,552.840027,3531.449951,70.419998,447.369995,398.070007,216.229996,26.02,43.650002,39.189999,43.669998,302.5,1717.390015,11.09,147.679993,38.360001,22.219999,212.570007,149.270004,246.190002,30.700001,72.065002,29.969999,77.449997,16.360001,18.945,320.23999,63.540001,6.3,45.18,19.360001
9,3,3,2020,20200903,28292.69922,120.879997,525.75,3368,69.940002,407,386.290009,213.800003,25.66,43.259998,39.110001,41.630001,291.119995,1629.51001,11.11,144.539993,38.419998,21.82,211.039993,146.759995,235.059998,30.193333,70.147499,28.4,72.5,16.440001,17.67,316.230011,64.239998,6.22,44.32,19.23
9,4,4,2020,20200904,28133.30078,120.959999,516.049988,3294.620117,69.220001,418.320007,385.019989,211.729996,26.540001,43.330002,39.080002,39.869999,282.730011,1581.209961,11.02,142.830002,40.619999,22.049999,215.110001,148.179993,234.080002,30.026667,69.330002,28.290001,72.059998,16.209999,19.709999,312,64.370003,6.25,44.34,19.280001
9,8,8,2020,20200908,27500.90039,112.82,507.019989,3149.840088,66.339996,330.209991,380.230011,213.580002,25.48,43.16,38.18,38.189999,271.160004,1523.599976,10.94,138.449997,39.189999,21.25,206.929993,148.520004,234.059998,29.646667,69.477501,27.889999,69.370003,15.59,21.379999,307.25,64,6.05,43.57,19.24
9,9,9,2020,20200909,27940.5,117.32,500.190002,3268.610107,66.529999,366.279999,385.23999,215.710007,25.51,43.889999,37.950001,39.560001,273.720001,1547.22998,11.17,139.889999,39.849998,21.610001,203.449997,152.690002,235.570007,30.006666,70.592499,27.799999,71.699997,16.360001,23.620001,312.019989,64.629997,6.06,44.220001,19.41
9,10,10,2020,20200910,27534.59961,113.489998,480.670013,3175.110107,66,371.339996,379.109985,217.240005,25.139999,43.34,37,38.950001,268.089996,1526.050049,10.96,136.809998,39.439999,21.5,207.330002,149.860001,234.179993,29.426666,69.227501,27.48,69.889999,16.42,22.389999,304.600006,63.759998,5.96,43.509998,19.35
9,11,11,2020,20200911,27665.59961,112,482.029999,3116.219971,65.440002,372.720001,389.450012,218,25.5,43.400002,36.900002,38.93,266.609985,1515.76001,10.9,136.699997,40.720001,21.709999,209.919998,153.830002,235.779999,29.426666,69.537498,27.299999,69.910004,16.17,23.690001,301.480011,63.360001,5.86,43.93,19.34
9,14,14,2020,20200914,27993.30078,115.360001,476.26001,3102.969971,65.419998,419.619995,393.75,220.559998,25.75,43.299999,36.66,38.77,266.149994,1508.829956,11.24,137.320007,44.290001,21.940001,216.479996,153.509995,235.899994,29.413334,70.480003,27.495001,71.459999,16.42,26.059999,308.570007,65.5,5.92,44.639999,19.5
9,15,15,2020,20200915,27995.59961,115.540001,495.98999,3156.129883,65.629997,449.76001,392.549988,222.369995,25.280001,42,36.27,39.09,272.420013,1535.119995,11.42,137.360001,44.23,22.25,218.100006,148.600006,226.149994,30.219999,73.925003,27.870001,72.889999,16.42,25.35,307.230011,65.809998,5.84,45.110001,19.450001
9,16,16,2020,20200916,28032.40039,112.129997,483.859985,3078.100098,63.93,441.76001,395.579987,224.809998,25.6,42.220001,37.810001,39.599998,263.519989,1512.089966,11.44,136.259995,46.299999,22.23,224.949997,151.110001,227.029999,30.533333,70.087502,27.82,71.959999,16.48,26.82,306.519989,65.410004,6.08,45.049999,19.51
9,17,17,2020,20200917,27902,110.339996,470.200012,3008.72998,63.509998,423.429993,395.940002,222.580002,25.35,42.290001,37.799999,39.349998,254.820007,1487.040039,11.4,136.690002,48.889999,22.209999,226.979996,153.869995,227.800003,30.620001,69.879997,27.540001,64,16.4,28.030001,304.980011,64.07,6.04,44.869999,19.4
9,18,18,2020,20200918,27657.40039,106.839996,469.959991,2954.909912,62.919998,442.149994,395.140015,220.270004,25.209999,41.869999,37.189999,40.150002,252.529999,1451.089966,11.23,135.289993,52.900002,21.870001,225.220001,152.389999,231.899994,30.633333,69.230003,26.959999,61.75,16.360001,30.6,308.019989,62.349998,6,44.52,19.42
9,21,21,2020,20200921,27147.69922,110.080002,487.350006,2960.469971,62.720001,449.390015,379.609985,216.410004,24.469999,42.23,36.43,39.900002,248.149994,1430.140015,10.75,137.070007,50.080002,21.25,218.309998,145.330002,228.440002,30.533333,69.050003,27.09,61.669998,15.74,30.264999,299.190002,60.09,5.9,44.110001,19.049999
9,22,22,2020,20200922,27288.19922,111.809998,491.170013,3128.98999,62.669998,424.230011,388.420013,216.410004,23.940001,42.689999,35.529999,42.73,254.75,1459.819946,10.94,138.309998,50.790001,21.6,221.470001,147.149994,223.800003,30.553333,69.514999,27.27,61.549999,16.040001,26.91,294.26001,60.630001,5.82,43.779999,18.950001
9,23,23,2020,20200923,26763.09961,107.120003,470.609985,2999.860107,61.130001,380.359985,383.23999,214.970001,23.26,41.560001,34.389999,45.330002,249.020004,1409.390015,10.66,135.990005,46.75,21.030001,220,144.380005,225.589996,30.18,68.327499,26.85,62.02,14.6,22.469999,292.140015,59.029999,5.56,43.099998,18.540001
9,24,24,2020,20200924,26815.40039,108.220001,473.079987,3019.790039,62.650002,387.790009,378.76001,216.119995,23.34,41.450001,34.32,43.139999,249.529999,1422.859985,10.7,136.699997,45.630001,21.059999,220.919998,145.139999,221.160004,30.266666,69.385002,26.77,61.299999,14.27,22.129999,292.660004,58.709999,5.52,42.900002,18.620001
9,25,25,2020,20200925,0,112.279999,482.880005,3095.129883,63.080002,407.339996,386.700012,218.179993,23.49,41.529999,34.639999,43.84,254.820007,1439.060059,10.98,137.270004,46.540001,20.860001,226.070007,145.910004,224.080002,32.233334,70.455002,27.32,63.049999,14.17,24.809999,302.5,59.93,5.49,42.939999,18.559999
9,28,28,2020,20200928,0,114.959999,490.649994,3174.050049,63.380001,421.200012,390.51001,220.259995,24.09,42.240002,35.310001,44.150002,256.820007,1458.660034,11.52,137.25,46.650002,20.83,231.880005,147.679993,225,33.113335,71.035004,27.610001,65.370003,14.21,28.129999,303.230011,61.669998,5.55,43.419998,18.75
9,29,29,2020,20200929,27452.69922,114.089996,493.480011,3144.879883,63.439999,419.070007,388.73999,218.679993,23.77,41.98,34.279999,44.740002,261.790009,1466.02002,11.35,137.139999,43.119999,20.719999,231.059998,147.410004,225.429993,33.853333,70.779999,28.105,65.760002,14.5,27.1,304.149994,61.099998,5.6,43.389999,18.91
9,30,30,2020,20200930,27781.69922,115.809998,500.029999,3148.72998,64.589996,429.01001,383.279999,219.490005,24.09,42.790001,34.330002,44.5,261.899994,1465.599976,11.34,139.910004,42.48,20.950001,235.360001,149.149994,232.679993,35.033333,69.389999,28.610001,66.199997,14.32,25.280001,311.769989,60.75,5.42,44.09,18.799999
10,1,1,2020,20201001,0,116.790001,527.51001,3221.26001,64.379997,448.160004,380.890015,219.589996,24.1,43.869999,33.130001,46.700001,266.630005,1487.900024,11.57,143.080002,42.560001,20.879999,234.869995,146.710007,230.850006,35.886665,70.690002,28.440001,68.57,14.2,25.08,313.070007,62.279999,5.42,44.5,18.969999
10,2,2,2020,20201002,27682.80078,113.019997,503.059998,3125,64.709999,415.089996,380.579987,222.669998,24.209999,43.459999,32.98,46.119999,259.940002,1455.599976,11.69,140.5,44.790001,20.700001,240.550003,149.940002,232.660004,35.746666,70.292503,28.26,67.239998,14.05,23.620001,311.980011,63.860001,5.43,43.990002,18.940001
10,5,5,2020,20201005,28148.59961,116.5,520.650024,3199.199951,65.449997,425.679993,383.959991,226.070007,24.620001,45.919998,33.740002,47.310001,264.649994,1482.829956,11.31,141.800003,46.23,21.040001,249.179993,153.490005,238.139999,37.119999,71.977501,29.719999,71.5,14.94,24.42,318.149994,63.25,5.52,44.580002,19.040001
10,6,6,2020,20201006,27772.80078,113.160004,505.869995,3099.959961,65.160004,413.980011,376.459991,224.089996,24.370001,45.509998,33.389999,45.599998,258.660004,1451.02002,11.21,140.630005,44.259998,21.01,249.639999,151.529999,235.449997,35.18,72.57,29.83,73.440002,14.32,23.93,314.450012,62.91,5.39,44.66,18.809999
10,7,7,2020,20201007,28303.5,115.080002,534.659973,3195.689941,64.860001,425.299988,382.940002,226.479996,24.879999,45.529999,33.5,45.869999,258.119995,1459.140015,11.37,140.889999,42,20.780001,264.76001,154.770004,235.699997,35.406666,74.279999,30.370001,78.709999,15.53,24.200001,323.170013,62.709999,5.49,45.150002,18.799999
10,8,8,2020,20201008,28425.5,114.970001,531.789978,3190.550049,65.220001,425.920013,388.589996,225.800003,25.24,45.560001,35.259998,46.009998,263.76001,1483.430054,11.28,141.360001,41.889999,21.040001,275.820007,156.660004,236.210007,34.18,75.260002,31.280001,77.120003,17.629999,23.77,322.410004,63.75,5.92,45.52,18.870001
10,9,9,2020,20201009,28586.90039,116.970001,539.440002,3286.649902,65.849998,434,385.929993,224.830002,25.360001,43.830002,34.740002,45.900002,264.450012,1510.449951,11.26,142.779999,40.27,21.190001,273.100006,158.940002,237.309998,34.826668,75.727501,30.040001,78.809998,18.07,26.77,327.839996,63.189999,5.89,45.830002,19.209999
10,12,12,2020,20201012,28837.5,124.400002,539.809998,3442.929932,66.309998,442.299988,388.920013,226.110001,25.68,42.849998,34.630001,48.25,275.75,1564.589966,11.17,144.25,39.32,21.25,270.170013,162.610001,238.360001,35.593334,76.417503,29.41,79.309998,19.610001,26.58,329.970001,63.330002,6.05,46.23,19.16
10,13,13,2020,20201013,28679.80078,121.099998,554.090027,3443.629883,66.82,446.649994,388.950012,227.350006,24.950001,43.349998,34.220001,47,276.140015,1567.069946,11.2,146.229996,37.98,21.040001,261.019989,162.119995,236.710007,35.853333,75.3675,29.51,82.93,18.700001,23.629999,331.420013,61.669998,6.13,46.040001,18.860001
10,14,14,2020,20201014,28514,121.190002,541.450012,3363.709961,66.860001,461.299988,390.720001,227.619995,23.620001,45.150002,34.150002,45.98,271.820007,1563.439941,11.27,143.940002,38,21.1,259.829987,163.610001,233.690002,36.146667,75.160004,29.58,83.720001,18.34,22.92,321.850006,61,6.29,45.73,18.9
10,15,15,2020,20201015,28494.19922,120.709999,541.940002,3338.649902,67.139999,448.880005,386.119995,229.639999,24.15,45.57,34.450001,46.029999,266.720001,1555.469971,10.88,144.529999,37.439999,20.74,256.859985,165.039993,235.009995,36,74.614998,29.559999,82.279999,18.049999,22.299999,324.570007,60.41,6.29,45.400002,18.99
10,16,16,2020,20201016,28606.30078,119.019997,530.789978,3272.709961,67.099998,439.670013,386.5,229.369995,24.24,44.049999,34.099998,45.810001,265.929993,1567.699951,10.72,144.710007,37.02,20.73,258.970001,168.75,236.990005,35.853333,76.400002,29.77,84.18,17.76,22.809999,329.899994,60.529999,6.02,45.560001,18.93
10,19,19,2020,20201019,28195.40039,115.980003,530.719971,3207.209961,66.690002,430.829987,383.709991,226,23.719999,43.810001,33.419998,45.82,261.399994,1529.949951,10.29,142.949997,36.5,20.700001,256.700012,167.529999,237.380005,35.619999,74.887497,29.725,83.43,19.809999,22.23,324.220001,58.75,5.88,45.43,18.92
10,20,20,2020,20201020,28308.80078,117.510002,525.419983,3217.01001,66.25,421.940002,372.209991,227.449997,24.139999,43.279999,33.700001,46.349998,267.559998,1551.079956,10.11,143.899994,37.900002,20.969999,257.089996,168.990005,236.259995,35.759998,75.247498,29.98,84.300003,18.879999,20.495001,323.410004,59.099998,5.92,45.93,19.02
10,21,21,2020,20201021,28210.80078,116.870003,489.049988,3184.939941,65.970001,422.640015,367.140015,228.190002,24.049999,44.23,33.16,50.240002,278.730011,1585.98999,9.06,144.399994,37.220001,20.99,256.230011,167.399994,236.399994,35.533333,74.419998,29.76,81.599998,19.49,19.34,322.790009,59.68,5.83,46.060001,19.17
10,22,22,2020,20201022,28363.69922,115.75,485.230011,3176.399902,66.360001,425.790009,368.959991,229.149994,24.870001,42,34.860001,50.279999,278.119995,1606.660034,8.96,143.550003,37.220001,21.17,259.100006,169.660004,241.089996,35.553333,75.567497,30.030001,82.650002,20.299999,20.165001,325.730011,60.09,6.25,46.049999,18.98
10,23,23,2020,20201023,28335.59961,115.040001,488.279999,3204.399902,66.760002,420.630005,374.329987,228.710007,24.9,42.119999,34.16,50.439999,284.790009,1632.97998,9,143.850006,37.34,21.440001,262.410004,168.589996,240.279999,35.453335,75.767502,30.379999,85.370003,19.73,20.34,330.600006,60.75,6.3,46.32,18.959999
10,26,26,2020,20201026,27685.40039,115.050003,488.23999,3207.040039,65.699997,420.279999,368.549988,224.270004,24.540001,41.169998,33.349998,49,277.109985,1584.290039,8.63,142.160004,36.98,21.040001,254.25,163.199997,242,35.446667,75.662498,30.16,83.75,18.530001,18.530001,323.059998,59.830002,6.18,45.720001,18.950001
10,27,27,2020,20201027,27463.19922,116.599998,488.929993,3286.330078,64.93,424.679993,362.429993,222.970001,23.85,41.25,32.82,51.27,283.290009,1598.880005,8.28,142.869995,36.75,20.690001,255.529999,157.910004,244.240005,35.786667,75.779999,29.889999,82.389999,18.66,17.25,320.51001,58.73,5.65,45.919998,19.01
10,28,28,2020,20201028,0,111.199997,486.23999,3162.780029,63.490002,406.019989,350.859985,214.690002,23.469999,40.349998,31.57,48.529999,267.670013,1510.800049,8.11,140.039993,35.849998,19.629999,247.449997,151.160004,235.889999,35.18,74.459999,29.280001,93.309998,18.34,16.75,308,57.810001,5.27,44.77,18.690001
10,29,29,2020,20201029,26659.09961,115.32,504.209991,3211.01001,63.080002,410.829987,352.440002,214.949997,23.540001,40.119999,32.970001,52.43,280.829987,1556.880005,8.88,139.919998,29.860001,19.780001,263.600006,154.669998,232.470001,36.306667,74.010002,29.610001,87.459999,18.780001,17.27,303.679993,58.52,5.29,45.220001,18.620001
10,30,30,2020,20201030,26501.59961,108.860001,475.73999,3036.149902,62.889999,388.040009,350.130005,213,23.700001,39.66,32.619999,41.360001,263.109985,1616.109985,8.86,138.75,30.549999,19.450001,266.350006,157.050003,231.130005,36.166668,73.209999,29.49,87.050003,18.780001,15.38,305.140015,57.860001,5.15,44.709999,18.709999
11,2,2,2020,20201102,26925.09961,108.769997,484.119995,3004.47998,63.939999,400.51001,352.420013,212.559998,24.08,40.470001,33.990002,39.470001,261.359985,1624.319946,9.44,140.399994,32.360001,19.77,270.98999,163.270004,234.789993,38.006668,75.129997,30.27,88.889999,20.93,16.01,312.100006,59.639999,5.17,45.279999,18.879999
11,3,3,2020,20201103,27480,110.440002,487.220001,3048.409912,64.379997,423.899994,363.440002,216.800003,24.690001,40.57,33.41,41.73,265.299988,1645.660034,9.76,142.779999,30.540001,20.290001,276.160004,167.690002,237.720001,38.533333,76.019997,31.110001,87.239998,20.459999,17.85,321.350006,59.25,5.5,45.48,18.99
11,4,4,2020,20201104,27847.69922,114.949997,496.950012,3241.159912,63.580002,420.980011,372.160004,214.869995,23.68,41.450001,33.23,42.759998,287.380005,1745.849976,8.73,141.960007,28.889999,21.049999,253.759995,155.229996,236.789993,37.273335,73.32,30.66,79.779999,19,16.389999,354.559998,58.5,5.35,46.91,18.98
11,5,5,2020,20201105,28390.19922,119.029999,513.76001,3322,64.300003,438.089996,364.700012,216.309998,24.610001,39.240002,33.169998,43.709999,294.679993,1762.5,8.16,143.470001,28.82,21.379999,260.209991,163.089996,234.649994,38.333332,74.75,31.940001,86.900002,21.200001,17.719999,354.399994,58,5.36,47.709999,19.42
11,6,6,2020,20201106,28323.40039,118.690002,514.72998,3311.370117,64.349998,429.950012,361.269989,216.559998,24.309999,39.560001,32.779999,43.119999,293.410004,1759.72998,8.45,145.770004,29.629999,21.440001,256.179993,161.289993,236.619995,39.406666,75.720001,33.25,88.269997,23.5,17.290001,347.459991,57.990002,5.11,47.93,19.450001
11,9,9,2020,20201109,29158,116.32,470.5,3143.73999,62.959999,421.26001,363.950012,213.220001,27.76,38.889999,36.93,43.189999,278.769989,1761.420044,8.4,143.539993,30.790001,22.16,261.429993,170.820007,240.309998,39.82,75.510002,33.049999,86.110001,24.58,18.959999,350,61.599998,5.6,48.259998,18.59
11,10,10,2020,20201110,29420.90039,115.970001,480.23999,3035.02002,64.190002,410.359985,371.279999,213.320007,27.66,38.290001,36.860001,42.41,272.429993,1737.719971,8.71,145.559998,28.950001,22.370001,266.019989,172.300003,240.300003,38.246666,75.989998,33.18,80.75,23.709999,18.99,353.690002,64.669998,5.44,47.709999,18.65
11,11,11,2020,20201111,29397.59961,119.489998,490.76001,3137.389893,65.599998,417.130005,369.279999,218.020004,27.34,38.529999,36.48,43.630001,276.480011,1747.22998,9,147.979996,29.700001,22.26,265.98999,169.460007,243.160004,39.593334,77.540001,33.869999,84.199997,24.25,19.200001,351.700012,63.439999,5.35,48.02,18.57
11,12,12,2020,20201112,29080.19922,119.209999,486.769989,3110.280029,65.099998,411.76001,367.890015,213.070007,26.690001,38.830002,35.23,42.810001,275.079987,1742.819946,8.5,148.229996,28.049999,22.1,260.570007,169.130005,240.210007,39.253334,76.669998,33.43,81.400002,23.809999,20.52,354.410004,61.77,5.3,47.66,18.68
11,13,13,2020,20201113,29479.80078,119.260002,482.839996,3128.810059,65.760002,408.5,375.140015,213.279999,27,39.75,36.080002,43.48,276.950012,1772.26001,8.95,150.539993,29.309999,22.440001,264.140015,171.710007,242.809998,38.400002,77.190002,33.759998,79.949997,24.43,19.219999,355.670013,63.049999,5.36,48.330002,18.790001
11,16,16,2020,20201116,29950.40039,120.300003,479.100006,3131.060059,66.580002,408.089996,377.130005,216.729996,27.58,40.970001,38.16,42.73,278.959991,1774.030029,9.42,152.440002,30.66,23.1,271.209991,173.190002,242.570007,38.200001,77.75,34.299999,80.209999,24.77,19.92,356.820007,64.470001,5.44,48.93,18.799999
11,17,17,2020,20201117,29783.40039,119.389999,480.630005,3135.659912,66.32,441.609985,375.899994,216.009995,27.549999,42.040001,38.669998,42.849998,275,1761.660034,9.53,149.369995,31.440001,22.790001,269.329987,171.910004,242.410004,38.013332,76.610001,33.970001,81.480003,24.51,21.475,352.100006,62.82,5.63,48.880001,18.74
11,18,18,2020,20201118,29438.40039,118.029999,481.790009,3105.459961,65.019997,486.640015,377.559998,215.520004,26.98,39.93,37.209999,43.330002,271.970001,1740.640015,9.39,149.089996,29.91,22.969999,269.359985,172.740005,233.470001,37.586666,75.790001,33.68,81.989998,23.67,22.83,344.51001,61.189999,5.65,48.709999,18.629999
11,19,19,2020,20201119,0,118.639999,484.670013,3117.02002,65.209999,499.269989,376.459991,215.110001,26.98,40.060001,37.400002,43.619999,272.940002,1758.569946,9.45,152.119995,30.389999,22.84,269.549988,172.899994,232.899994,37.493332,75.129997,32.139999,84.059998,23.870001,22.780001,337,61.110001,6.12,48.790001,18.6
11,20,20,2020,20201120,29263.5,117.339996,488.23999,3099.399902,65.010002,489.609985,368.019989,214.089996,26.809999,40.549999,36.939999,44.68,269.700012,1736.380005,9.45,150.240005,29.82,22.790001,265.600006,172.229996,231.869995,38.259998,75.550003,32.349998,84.690002,23.719999,25.780001,334.700012,60.389999,6.08,49.060001,18.66
11,23,23,2020,20201123,29591.30078,113.849998,476.619995,3098.389893,63.669998,521.849976,370.850006,217,27.389999,41,39.360001,44.939999,268.429993,1727.560059,9.39,150.929993,33.220001,22.879999,266.890015,174.779999,228.479996,39.366665,74.57,33.310001,86.919998,24.719999,28.870001,335.059998,60.889999,6.43,49.189999,18.280001
11,24,24,2020,20201124,30046.19922,115.169998,482.880005,3118.060059,62.470001,555.380005,378.480011,219.710007,28.98,41.189999,41.98,45.23,276.920013,1763.900024,9.63,151.360001,34.490002,23.370001,274.920013,176.899994,229.289993,40.52,74.980003,34.889999,90.410004,26.969999,28.780001,336.01001,61.84,6.71,49.849998,18
11,25,25,2020,20201125,29872.5,116.029999,485,3185.070068,63.259998,574,378.339996,219.339996,29.030001,41.82,40.810001,46.43,275.589996,1764.130005,9.62,151.830002,34.619999,23.549999,272.679993,174.630005,227.470001,41.926666,75.970001,35.119999,92.449997,26.870001,27.85,333.190002,62.900002,6.49,49.57,17.99
11,27,27,2020,20201127,29910.40039,116.589996,491.359985,3195.340088,63.48,585.76001,374.339996,218.330002,28.99,42.099998,40.189999,46.59,277.809998,1787.02002,9.71,151.600006,35.32,23.34,271.01001,175.080002,228.960007,42.099998,75.129997,35.189999,94.699997,29,27.18,337.940002,61.639999,6.36,50.040001,17.809999
11,30,30,2020,20201130,29638.59961,119.050003,490.700012,3168.040039,63.91,567.599976,365,217.440002,28.16,42.91,38.130001,46.509998,276.970001,1754.400024,9.45,152.789993,33.439999,22.799999,265.630005,173.589996,234.839996,42.386665,73.589996,34.389999,93.43,28.799999,25.370001,336.339996,59.970001,6.18,48.73,17.700001
12,1,1,2020,20201201,0,122.720001,504.579987,3220.080078,63.68,584.76001,364.98999,216.139999,28.690001,44.759998,38.5,46.669998,286.549988,1795.359985,9.55,152.639999,33.650002,23.42,275.470001,173.259995,238.649994,40.66,74.150002,35.43,91.059998,26.65,25.23,341.190002,60.369999,6.17,49.689999,18.07
12,2,2,2020,20201202,29883.80078,123.080002,503.380005,3203.530029,62.720001,568.820007,361.359985,210.860001,29.059999,45.169998,39.939999,47.23,287.519989,1824.969971,9.67,150.520004,36.41,23.809999,273.459991,173.869995,241.869995,39.926666,74.309998,34.700001,90.489998,28.18,20.43,347.559998,60.779999,6.33,49.759998,18.209999
12,3,3,2020,20201203,29969.5,122.940002,497.519989,3186.72998,63,593.380005,362.029999,211.509995,28.91,46.32,40.209999,47.790001,281.850006,1821.839966,9.63,149.300003,37.669998,23.780001,281.149994,174.630005,238.509995,39.959999,73.349998,34.700001,88.919998,28.629999,22.67,348.679993,61.09,6.55,50.330002,18.33
12,4,4,2020,20201204,30218.30078,122.25,498.309998,3162.580078,62.369999,599.039978,366.609985,210.740005,29.290001,47.27,41.68,47.73,279.700012,1823.76001,10.01,148.910004,37.560001,24.18,284.940002,182.210007,242.759995,39.393333,72.519997,35.139999,89.260002,28.59,22.07,349.890015,61.259998,6.93,50.849998,18.290001
12,7,7,2020,20201207,30069.80078,123.75,515.780029,3158,61.950001,641.76001,362.130005,208.889999,29.09,46.740002,40.900002,47.900002,285.579987,1817.030029,9.71,148.110001,38.25,24.299999,284.940002,178.710007,236.449997,38.860001,73.269997,35.259998,88.75,28.379999,21.23,347.859985,60.75,6.7,50.849998,18.57
12,8,8,2020,20201208,0,124.379997,512.659973,3177.290039,62.549999,649.880005,359.230011,208.389999,28.93,46.720001,42.240002,47.43,283.399994,1811.329956,9.66,149.449997,40.009998,24.35,282.829987,178.839996,240.240005,38.98,73.68,34.75,89.889999,28.82,21.360001,347.859985,60.400002,6.74,50.869999,18.629999
12,9,9,2020,20201209,30068.80078,121.779999,493.600006,3104.199951,62,604.47998,361.350006,208.690002,28.799999,50.259998,42.799999,47.23,277.920013,1777.859985,9.41,148.270004,41.59,24.32,277.179993,180.070007,239.960007,37.993332,73.669998,33.209999,86.220001,27.200001,21.040001,344.410004,60.689999,6.49,50.43,18.309999
12,10,10,2020,20201210,29999.30078,123.239998,501.089996,3101.48999,61.98,627.070007,355.390015,208.039993,29.110001,51.040001,44.009998,51.209999,277.119995,1767.650024,9.35,147.039993,46.5,25.120001,266.73999,178.850006,242.330002,38.66,73.279999,33.57,86.540001,27.32,21.135,339.649994,59.93,6.82,51.080002,18.290001
12,11,11,2020,20201211,0,122.410004,503.220001,3116.419922,62.110001,609.98999,361.709991,207.759995,28.57,50.84,43.799999,51.439999,273.549988,1774.800049,9.43,147,45.52,25.1,267.200012,179.289993,242.690002,38.686668,73.800003,33.349998,86.370003,26.530001,21.780001,337.070007,60.459999,7.01,50.720001,18.32
12,14,14,2020,20201214,0,121.779999,522.419983,3156.969971,61.919998,639.830017,357.660004,211.919998,28.219999,50.32,42.220001,52.02,274.190002,1752.26001,9.66,145.649994,47.220001,24.66,259.700012,178.050003,240,40.080002,73.550003,34.18,86.589996,25.280001,21.389999,336.130005,60.619999,6.95,49.939999,18.209999
12,15,15,2020,20201215,30199.30078,127.879997,519.780029,3165.120117,61.240002,633.25,357.570007,214.860001,28.639999,50.09,43.040001,52.82,275.549988,1761.079956,9.58,145.580002,46.790001,25.09,266.559998,181.740005,244.130005,41.139999,74.910004,35.970001,91.260002,26.75,21.85,339.670013,61.75,6.99,50.48,18.469999
12,16,16,2020,20201216,30154.5,127.809998,524.830017,3240.959961,61.5,622.77002,354.570007,213.800003,28.719999,49.790001,43.700001,54.029999,275.670013,1757.189941,9.49,145.429993,45.290001,24.98,262.230011,179.5,245.289993,39.310001,74.440002,36.119999,91.769997,26.370001,21.27,339.339996,61.349998,6.87,50.720001,18.559999
12,17,17,2020,20201217,30303.40039,128.699997,532.900024,3236.080078,62.48,655.900024,352.600006,214.25,28.83,49.830002,43.48,54.630001,274.480011,1740.51001,9.47,146.100006,44.77,25.34,265.730011,179.169998,248.699997,39.419998,75.059998,36.48,92.32,26.219999,21.17,341.670013,61.029999,6.88,51.049999,18.77
12,18,18,2020,20201218,30179,126.660004,534.450012,3201.649902,62.080002,695,356.029999,215.080002,28.67,48.970001,42.73,55.869999,276.399994,1726.219971,9.41,145.949997,42.360001,25.059999,276.350006,180.960007,252.089996,39.049999,74.510002,37.240002,93.589996,25.969999,21.15,338.380005,59.52,6.78,50.990002,18.74
12,21,21,2020,20201221,30216.5,128.229996,528.909973,3206.179932,61.529999,649.859985,349.350006,211.669998,29.74,48.52,41.950001,54.639999,272.790009,1734.560059,9.17,145.970001,43.169998,23.42,275.670013,180.160004,247.860001,39.91,74.400002,37.110001,96.410004,25.540001,20.66,336.079987,59.77,6.6,50.240002,18.68
12,22,22,2020,20201222,30015.5,131.880005,527.330017,3206.52002,61.189999,640.340027,347.920013,211.919998,29.209999,49.32,41.240002,54.91,267.089996,1720.219971,8.58,144.199997,41.919998,23.34,273.299988,176.580002,245.899994,41.09,74.709999,38.639999,105.160004,25.860001,23.299999,335.01001,60.93,6.46,49.84,18.540001
12,23,23,2020,20201223,30129.80078,130.960007,514.47998,3185.27002,61.610001,645.97998,351.600006,212.020004,30.049999,50.23,41.77,54.299999,268.109985,1728.22998,8.81,143.220001,42.25,23.610001,273.790009,178.419998,244.25,41.200001,74.330002,40.860001,101.830002,27.01,22.725,337.589996,60.459999,6.52,50.349998,18.65
12,24,24,2020,20201224,30199.90039,131.970001,513.969971,3172.689941,61.779999,661.77002,351.970001,211.389999,29.959999,51.349998,41.599998,53.970001,267.399994,1734.160034,8.98,143.5,40.549999,23.98,275.049988,179.559998,247.990005,41.830002,74.980003,40.810001,102.400002,25.860001,22.969999,340.790009,61.09,6.44,50.130001,18.73
12,28,28,2020,20201228,30404,136.690002,519.119995,3283.959961,62.34,663.690002,354.179993,214.020004,30.129999,51.619999,41.740002,54.43,277,1773.959961,9.04,145.220001,41.400002,24.18,278.690002,178.369995,248.149994,41.669998,75.489998,37.84,101.190002,24.68,21.32,345.950012,61.77,6.23,50.27,18.65
12,29,29,2020,20201229,30335.69922,134.869995,530.869995,3322,62.290001,665.98999,353.899994,212.710007,30.01,51.509998,41.27,54.360001,276.779999,1757.76001,8.93,144.300003,41.540001,24.110001,274.079987,176.649994,248.350006,42.419998,75.330002,37.099998,96.980003,24.26,20.91,347.350006,60.970001,6.2,51.02,18.719999
12,30,30,2020,20201230,30409.59961,133.720001,524.590027,3285.850098,61.529999,694.780029,354.160004,211.559998,29.98,51.59,41.599998,54.330002,271.869995,1736.25,9,144.179993,43.919998,24.16,280.940002,180.039993,246.679993,42.459999,75.910004,37.639999,100.339996,25.25,21.27,344.98999,61.279999,6.16,51.700001,18.860001
